https://storage-store.plusmember.jp/upload/images/2011_love_photo_8thMVshifuku_ka3nptgn_00.jpg,生写真セット(「青春“サブリミナル”」MV衣装),"https://storage-store.plusmember.jp/upload/images/2011_love_photo_8thMVshifuku_ka3nptgn_01.jpg
https://storage-store.plusmember.jp/upload/images/2011_love_photo_8thMVshifuku_ka3nptgn_02.jpg
https://storage-store.plusmember.jp/upload/images/2011_love_photo_8thMVshifuku_ka3nptgn_03.jpg
https://storage-store.plusmember.jp/upload/images/2011_love_photo_8thMVshifuku_ka3nptgn_04.jpg
https://storage-store.plusmember.jp/upload/images/2011_love_photo_8thMVshifuku_ka3nptgn_05.jpg
https://storage-store.plusmember.jp/upload/images/2011_love_photo_8thMVshifuku_ka3nptgn_06.jpg
https://storage-store.plusmember.jp/upload/images/2011_love_photo_8thMVshifuku_ka3nptgn_07.jpg
https://storage-store.plusmember.jp/upload/images/2011_love_photo_8thMVshifuku_ka3nptgn_08.jpg
https://storage-store.plusmember.jp/upload/images/2011_love_photo_8thMVshifuku_ka3nptgn_09.jpg
https://storage-store.plusmember.jp/upload/images/2011_love_photo_8thMVshifuku_ka3nptgn_10.jpg
https://storage-store.plusmember.jp/upload/images/2011_love_photo_8thMVshifuku_ka3nptgn_11.jpg
https://storage-store.plusmember.jp/upload/images/2011_love_photo_8thMVshifuku_ka3nptgn_12.jpg"
https://storage-store.plusmember.jp/upload/images/2011_love_photo_3rdanniversaryver2_aR5PodHZ_00.jpg,ツアー生写真セット(3周年記念コンサート衣装②),"https://storage-store.plusmember.jp/upload/images/2011_love_photo_3rdanniversaryver2_aR5PodHZ_01.jpg
https://storage-store.plusmember.jp/upload/images/2011_love_photo_3rdanniversaryver2_aR5PodHZ_02.jpg
https://storage-store.plusmember.jp/upload/images/2011_love_photo_3rdanniversaryver2_aR5PodHZ_03.jpg
https://storage-store.plusmember.jp/upload/images/2011_love_photo_3rdanniversaryver2_aR5PodHZ_04.jpg
https://storage-store.plusmember.jp/upload/images/2011_love_photo_3rdanniversaryver2_aR5PodHZ_05.jpg
https://storage-store.plusmember.jp/upload/images/2011_love_photo_3rdanniversaryver2_aR5PodHZ_06.jpg
https://storage-store.plusmember.jp/upload/images/2011_love_photo_3rdanniversaryver2_aR5PodHZ_07.jpg
https://storage-store.plusmember.jp/upload/images/2011_love_photo_3rdanniversaryver2_aR5PodHZ_08.jpg
https://storage-store.plusmember.jp/upload/images/2011_love_photo_3rdanniversaryver2_aR5PodHZ_09.jpg
https://storage-store.plusmember.jp/upload/images/2011_love_photo_3rdanniversaryver2_aR5PodHZ_10.jpg
https://storage-store.plusmember.jp/upload/images/2011_love_photo_3rdanniversaryver2_aR5PodHZ_11.jpg
https://storage-store.plusmember.jp/upload/images/2011_love_photo_3rdanniversaryver2_aR5PodHZ_12.jpg"
https://storage-store.plusmember.jp/upload/images/2012_love_photo_christmas_Ad0q9Ofm_00.jpg,生写真セット(サンタ衣装),"https://storage-store.plusmember.jp/upload/images/2012_love_photo_christmas_Ad0q9Ofm_01.jpg
https://storage-store.plusmember.jp/upload/images/2012_love_photo_christmas_Ad0q9Ofm_02.jpg
https://storage-store.plusmember.jp/upload/images/2012_love_photo_christmas_Ad0q9Ofm_03.jpg
https://storage-store.plusmember.jp/upload/images/2012_love_photo_christmas_Ad0q9Ofm_04.jpg
https://storage-store.plusmember.jp/upload/images/2012_love_photo_christmas_Ad0q9Ofm_05.jpg
https://storage-store.plusmember.jp/upload/images/2012_love_photo_christmas_Ad0q9Ofm_06.jpg
https://storage-store.plusmember.jp/upload/images/2012_love_photo_christmas_Ad0q9Ofm_07.jpg
https://storage-store.plusmember.jp/upload/images/2012_love_photo_christmas_Ad0q9Ofm_08.jpg
https://storage-store.plusmember.jp/upload/images/2012_love_photo_christmas_Ad0q9Ofm_09.jpg
https://storage-store.plusmember.jp/upload/images/2012_love_photo_christmas_Ad0q9Ofm_10.jpg
https://storage-store.plusmember.jp/upload/images/2012_love_photo_christmas_Ad0q9Ofm_11.jpg
https://storage-store.plusmember.jp/upload/images/2012_love_photo_christmas_Ad0q9Ofm_12.jpg"
https://storage-store.plusmember.jp/upload/images/2012_love_photo_tour_t__eF8Itnjd_00.jpg,ツアー生写真セット(ツアーTシャツ),"https://storage-store.plusmember.jp/upload/images/2012_love_photo_tour_t__eF8Itnjd_01.jpg
https://storage-store.plusmember.jp/upload/images/2012_love_photo_tour_t__eF8Itnjd_02.jpg
https://storage-store.plusmember.jp/upload/images/2012_love_photo_tour_t__eF8Itnjd_03.jpg
https://storage-store.plusmember.jp/upload/images/2012_love_photo_tour_t__eF8Itnjd_04.jpg
https://storage-store.plusmember.jp/upload/images/2012_love_photo_tour_t__eF8Itnjd_05.jpg
https://storage-store.plusmember.jp/upload/images/2012_love_photo_tour_t__eF8Itnjd_06.jpg
https://storage-store.plusmember.jp/upload/images/2012_love_photo_tour_t__eF8Itnjd_07.jpg
https://storage-store.plusmember.jp/upload/images/2012_love_photo_tour_t__eF8Itnjd_08.jpg
https://storage-store.plusmember.jp/upload/images/2012_love_photo_tour_t__eF8Itnjd_09.jpg
https://storage-store.plusmember.jp/upload/images/2012_love_photo_tour_t__eF8Itnjd_10.jpg
https://storage-store.plusmember.jp/upload/images/2012_love_photo_tour_t__eF8Itnjd_11.jpg
https://storage-store.plusmember.jp/upload/images/2012_love_photo_tour_t__eF8Itnjd_12.jpg"
https://storage-store.plusmember.jp/upload/images/2012_love_photo_8th1226_nSqaq3pt_00.jpg,生写真セット(「青春“サブリミナル”」歌唱衣装②),"https://storage-store.plusmember.jp/upload/images/2012_love_photo_8th1226_nSqaq3pt_01.jpg
https://storage-store.plusmember.jp/upload/images/2012_love_photo_8th1226_nSqaq3pt_02.jpg
